Websites,Google Chrome - with,Google Chrome - without
Fedex,2217,521
Fedex,2104,603
Fedex,1943,501
Fedex,2211,325
Realtor,661,617
Realtor,688,614
Realtor,587,603
Realtor,609,567
usps,1748,1010
usps,1882,998
usps,1750,1023
usps,1542,923
W3School,3051,577
W3School,3021,563
W3School,2367,743
W3School,3143,500
Zillow,2356,1159
Zillow,2145,1255
Zillow,2352,1011
Zillow,1940,1349
Akismet,291,454
Akismet,262,321
Akismet,298,444
Akismet,301,400
Bitly,849,780
Bitly,891,763
Bitly,849,701
Bitly,980,678
Bitnami,326,263
Bitnami,325,243
Bitnami,320,203
Bitnami,299,193
VK,937,610
VK,1039,544
VK,935,500
VK,890,634
Jimbo,621,399
Jimbo,655,400
Jimbo,587,364
Jimbo,704,320
Tradingview,1798,1100
Tradingview,1304,981
Tradingview,1800,956
Tradingview,2768,1437
Google,188,89
Google,190,85
Google,150,67
Google,116,46
Instagram,1098,850
Instagram,1084,782
Instagram,1100,853
Instagram,988,750
Youtube,2133,962
Youtube,2056,894
Youtube,1988,955
Youtube,3454,960
Amazon,3059,2817
Amazon,3123,2435
Amazon,4000,2866
Amazon,4330,2501
Bing,197,144
Bing,152,132
Bing,257,101
Bing,296,167
Debian,551,267
Debian,543,243
Debian,499,305
Debian,561,254
Ebay,575,418
Ebay,561,401
Ebay,455,420
Ebay,607,455
Oracle,513,398
Oracle,563,388
Oracle,783,345
Oracle,409,361
ScienceDirect,447,398
ScienceDirect,556,394
ScienceDirect,509,451
ScienceDirect,1747,364
Badoo,908,690
Badoo,900,656
Badoo,899,704
Badoo,1023,692
Bake,317,310
Bake,453,204
Bake,398,244
Bake,516,311
Bible,1186,226
Bible,1104,220
Bible,1499,199
Bible,988,170
mobico,1521,1212
mobico,2300,1200
mobico,1673,1322
mobico,1321,934
tinder,347,241
tinder,459,242
tinder,500,283
tinder,320,301